"lat","lon","elev","time","unit"
10.7410125341,124.7886369936,0,"2017-05-06 00:41:50",4
10.7409676909,124.7886538412,0,"2017-05-06 00:42:05",4
10.8729878627,124.7116233967,0,"2017-05-15 03:15:28",4
10.8719055075,124.7137563396,0,"2017-05-14 03:01:53",4
10.7366494182,124.7607132699,0,"2017-06-10 00:35:27",4
10.6406420097,124.7811210249,0,"2017-06-15 04:08:04",4
10.7441601064,124.7865262628,0,"2017-05-12 02:48:32",4
10.8736579958,124.7113524936,0,"2017-05-19 03:23:26",4
10.7347649988,124.7876022477,0,"2017-06-02 07:30:24",4
10.8892713860,124.6984217316,0,"2017-05-24 00:17:30",5
10.8714951295,124.7142246366,0,"2017-05-13 04:17:50",5
10.8730130084,124.7119553201,0,"2017-05-18 03:19:00",5
10.6451795530,124.7770738229,0,"2017-05-08 05:40:46",4
10.7436938211,124.7865813319,0,"2017-05-06 01:41:58",4
10.8731184527,124.7122370359,0,"2017-05-18 04:14:34",4
10.7435662486,124.7866068967,0,"2017-06-13 01:58:17",4
10.8173411619,124.7390556894,0,"2017-06-10 03:56:42",4
10.7434499916,124.7866070643,0,"2017-05-06 00:48:25",4
10.8715410624,124.7138859238,0,"2017-06-11 03:37:00",4
10.7532795332,124.7844854370,0,"2017-05-21 06:43:50",4
10.7404225320,124.7910452820,0,"2017-05-22 00:29:27",4
10.7413867023,124.7882519290,0,"2017-05-06 01:05:28",4
10.6334708724,124.7766282409,0,"2017-05-08 04:13:46",4
10.6329350173,124.7766966373,0,"2017-06-04 03:48:39",4
10.6407537404,124.7794279642,0,"2017-06-15 01:55:49",4
10.8688859269,124.7164612636,0,"2017-05-29 02:34:17",4
10.6335526798,124.7767712362,0,"2017-06-04 06:38:58",5
10.7435161248,124.7867555078,0,"2017-05-12 01:47:02",4
10.8735237177,124.7112074029,0,"2017-05-19 05:05:41",4
10.7741669845,124.7805233952,0,"2017-05-26 23:18:01",4
10.7401439175,124.7909566853,0,"2017-05-25 07:17:41",4
10.7764455210,124.7753424570,0,"2017-05-07 01:19:11",4
10.7433874626,124.7867317870,0,"2017-05-25 04:26:37",4
10.8739112969,124.7107634973,0,"2017-05-15 05:16:49",5
10.7408303954,124.7882769909,0,"2017-05-07 00:56:56",4
10.6526238564,124.7833043430,0,"2017-05-27 01:24:28",4
10.8003721666,124.7674872726,0,"2017-05-23 05:41:09",4
10.7532831375,124.7844286915,0,"2017-05-21 06:09:56",5
10.7411189843,124.7888654843,0,"2017-05-12 03:19:17",4
10.8703758940,124.7149728891,0,"2017-06-10 02:58:16",5
10.7436846010,124.7865289450,0,"2017-05-06 01:31:13",4
10.7646418735,124.7852572426,0,"2017-05-06 06:16:59",4
10.7637264021,124.7852173448,0,"2017-05-06 05:44:59",4
10.8732231427,124.7113925591,0,"2017-05-20 05:25:54",4
10.7692292891,124.7835604101,0,"2017-05-22 06:33:13",5
10.6526794285,124.7838474065,0,"2017-05-27 04:07:08",5
10.8114913478,124.7644060012,0,"2017-05-28 04:07:26",4
10.6337284483,124.7769398801,0,"2017-06-04 07:55:15",4
10.6523817033,124.7839225922,0,"2017-05-27 04:59:58",4
10.6338048913,124.7769920994,0,"2017-06-05 02:23:21",4
10.7403646968,124.7911598627,0,"2017-05-21 23:44:12",4
10.8732415829,124.7122286540,0,"2017-05-19 02:17:56",4
10.8000013512,124.7682071105,0,"2017-05-23 04:59:02",5
10.6327323429,124.7766393051,0,"2017-06-04 03:21:24",4
10.7976000197,124.7553698067,0,"2017-05-16 04:49:28",5
10.7272623572,124.7935026884,0,"2017-06-13 00:10:01",4
10.6309995521,124.7766287439,0,"2017-06-02 02:12:39",4
10.8738376200,124.7107320651,0,"2017-05-19 06:00:36",5
10.6526384410,124.7838520166,0,"2017-05-27 04:15:28",4
10.8359408565,124.7467740811,0,"2017-05-28 02:01:41",4
10.8111350331,124.7643903270,0,"2017-05-28 05:15:34",5
10.6406363938,124.7811356094,0,"2017-06-15 04:06:34",4
10.8704380877,124.7150037345,0,"2017-06-10 02:53:27",4
10.6335623190,124.7766441666,0,"2017-06-04 04:49:31",4
10.7644292247,124.7853906825,0,"2017-06-12 01:06:55",4
10.8698753268,124.7159156855,0,"2017-05-30 05:47:12",5
10.7532674633,124.7844242491,0,"2017-06-12 02:33:55",4
10.6519360375,124.7833233699,0,"2017-06-09 03:09:00",4
10.8715498634,124.7141418234,0,"2017-05-13 07:28:05",5
10.6410145015,124.7787197772,0,"2017-06-10 07:04:46",5
10.8730708435,124.7122484352,0,"2017-05-18 03:16:04",4
10.8735631127,124.7111081611,0,"2017-05-19 05:19:06",5
10.8494093176,124.7224903665,0,"2017-05-20 07:44:00",5
10.7436999399,124.7865301184,0,"2017-05-06 01:25:58",4
10.7527238969,124.7809678037,0,"2017-05-13 00:57:20",5
10.8561685681,124.7208801191,0,"2017-05-19 07:29:26",4
10.6339452043,124.7768083680,0,"2017-06-05 04:50:41",5
10.6309280545,124.7763799690,0,"2017-06-03 01:59:30",4
10.6528787501,124.7835220210,0,"2017-05-27 02:16:23",5
10.6335801724,124.7766105551,0,"2017-06-04 05:36:43",5
10.8716619294,124.7141385544,0,"2017-05-13 05:37:05",5
10.7282373402,124.7933875211,0,"2017-05-25 02:45:21",4
10.8558245748,124.7262331378,0,"2017-05-11 01:43:52",4
10.6523372792,124.7839378472,0,"2017-05-27 05:21:52",5
10.7624493353,124.7854332626,0,"2017-05-21 03:26:12",5
10.6335603911,124.7765880916,0,"2017-06-04 05:48:46",4
10.7403583266,124.7911277600,0,"2017-05-21 23:27:42",4
10.6327091251,124.7767271474,0,"2017-06-04 04:43:58",5
10.8704491518,124.7149891499,0,"2017-06-10 02:42:46",5
10.8689323626,124.7164894268,0,"2017-05-29 05:48:17",4
10.6519824732,124.7833326738,0,"2017-06-09 02:44:00",4
10.6518450100,124.7829431668,0,"2017-06-09 01:51:00",4
10.6415806152,124.7779787332,0,"2017-06-06 02:39:29",5
10.6309153140,124.7763948049,0,"2017-06-03 01:56:30",4
10.6405975856,124.7811605036,0,"2017-06-15 04:33:19",4
10.8731959853,124.7114468738,0,"2017-05-15 03:59:43",4
10.7436899655,124.7865464631,0,"2017-05-06 01:30:13",4
10.6523641013,124.7836156469,0,"2017-05-27 06:17:23",5
10.8558400813,124.7264263406,0,"2017-05-11 02:53:22",4
10.6404213142,124.7813022416,0,"2017-05-08 01:26:25",4
10.7436793204,124.7865292802,0,"2017-05-06 01:32:43",4
10.8715948742,124.7141363751,0,"2017-05-13 04:46:35",5
10.8734896034,124.7112721950,0,"2017-05-19 04:19:51",5
10.7436667476,124.7865962517,0,"2017-05-06 02:17:28",4
10.6528920773,124.7834493499,0,"2017-05-27 02:01:53",5
10.6528123654,124.7834992222,0,"2017-05-27 02:10:28",4
10.7641383726,124.7851764411,0,"2017-05-21 02:45:42",5
10.8731363900,124.7120313440,0,"2017-05-18 04:44:19",4
10.8558116667,124.7264186293,0,"2017-05-11 02:10:52",4
10.8731379826,124.7115293518,0,"2017-05-15 03:57:13",4
10.7641297393,124.7851945460,0,"2017-05-21 02:44:12",5
10.8118613251,124.7642841283,0,"2017-05-28 03:35:26",4
10.6308173295,124.7764688171,0,"2017-06-03 00:48:45",4
10.8715115581,124.7141591739,0,"2017-05-13 02:53:35",5
10.8715719078,124.7141755186,0,"2017-05-13 06:30:06",4
10.7429018151,124.7871853318,0,"2017-05-25 03:47:49",5
10.8716172539,124.7141262330,0,"2017-05-13 05:56:21",4
10.7984963804,124.7686467413,0,"2017-05-23 01:27:49",4
10.8729142696,124.7115182877,0,"2017-05-20 05:55:29",5
10.7992074173,124.7685549594,0,"2017-05-23 03:04:04",4
10.7647370920,124.7853047680,0,"2017-05-06 05:47:14",4
10.8738953713,124.7106660996,0,"2017-05-20 02:57:54",4
10.8715911023,124.7141599283,0,"2017-06-11 04:41:31",5
10.8738103788,124.7106939275,0,"2017-05-20 04:34:15",5
10.8735434990,124.7117752768,0,"2017-05-18 07:14:51",5
10.8730476256,124.7121971380,0,"2017-05-18 03:01:00",5
10.6526852120,124.7832829691,0,"2017-05-27 01:21:42",4
10.6337592099,124.7769369464,0,"2017-06-05 03:31:06",4
10.8695775177,124.7162492014,0,"2017-05-30 03:13:57",5
10.7436926477,124.7865871154,0,"2017-05-06 01:44:28",4
10.6559676491,124.7837007232,0,"2017-05-27 06:43:28",4
10.6526521035,124.7834268864,0,"2017-05-27 01:42:13",4
10.7968227658,124.7539324779,0,"2017-06-11 07:23:16",4
10.8703010436,124.7149930056,0,"2017-06-10 02:07:46",5
10.7781221531,124.7747465037,0,"2017-05-07 01:20:11",4
10.8733682334,124.7120452579,0,"2017-05-18 06:08:40",4
10.7981287502,124.7690124437,0,"2017-05-07 03:06:38",4
10.8729255013,124.7121087089,0,"2017-05-20 06:38:54",4
10.6338854413,124.7769102920,0,"2017-06-05 03:25:57",5
10.7681350317,124.7844990995,0,"2017-05-22 01:45:43",5
10.8734387252,124.7120539751,0,"2017-05-18 06:11:09",4
10.7436758839,124.7865571082,0,"2017-05-06 01:48:43",4
10.7992213313,124.7685531154,0,"2017-05-23 04:05:17",4
10.7414269354,124.7881595604,0,"2017-06-05 01:01:23",5
10.6410768628,124.7785100620,0,"2017-06-10 06:10:27",4
10.8108218014,124.7646836936,0,"2017-05-28 05:02:25",4
10.7982440852,124.7688156366,0,"2017-05-23 00:54:49",4
10.8690514695,124.7163860779,0,"2017-05-30 01:23:30",4
10.6818811409,124.7608079016,0,"2017-06-06 01:40:14",5
10.7411287073,124.7888396680,0,"2017-05-12 03:00:32",4
10.6406241562,124.7811193485,0,"2017-06-15 04:01:34",4
10.7641662005,124.7853368707,0,"2017-05-21 02:24:22",4
10.8359956741,124.7467297409,0,"2017-05-28 01:42:04",5
10.6417859718,124.7778434493,0,"2017-06-06 05:07:41",4
10.6523009017,124.7836476658,0,"2017-05-27 06:09:13",4
10.7438930590,124.7855585720,0,"2017-05-07 00:59:56",4
10.7774074282,124.7544983402,0,"2017-06-10 00:54:27",4
10.7437140215,124.7865157854,0,"2017-05-06 01:21:58",4
10.8718872350,124.7137555014,0,"2017-05-14 02:00:07",4
10.6316681765,124.7765994072,0,"2017-06-02 02:43:24",5
10.6800636090,124.7790990584,0,"2017-06-03 04:56:15",4
10.6527013052,124.7834397107,0,"2017-05-27 01:44:13",4
10.8741545398,124.7109437920,0,"2017-05-20 03:19:30",5
10.7440759521,124.7861348279,0,"2017-06-08 00:56:17",5
10.6325364579,124.7768636048,0,"2017-06-04 02:29:09",4
10.6308399606,124.7764466051,0,"2017-06-03 01:27:45",4
10.8696142305,124.7161137499,0,"2017-05-30 03:43:31",4
10.7839189097,124.7659081221,0,"2017-05-28 00:12:56",4
10.7437160332,124.7865874507,0,"2017-05-06 01:54:28",4
10.8714776114,124.7141590901,0,"2017-05-13 03:50:51",4
10.8648797125,124.7177509032,0,"2017-05-29 02:19:52",5
10.7646552008,124.7852273192,0,"2017-05-06 06:00:59",4
10.8729883656,124.7116174456,0,"2017-05-15 03:21:19",5
10.8698306512,124.7158866003,0,"2017-05-30 05:35:42",5
10.8719020709,124.7137821559,0,"2017-05-14 02:52:38",4
10.6520272326,124.7837862186,0,"2017-06-09 03:54:45",4
10.8703967649,124.7150545288,0,"2017-06-10 02:49:41",4
10.7681346126,124.7844514064,0,"2017-05-22 01:44:42",4
10.6326841470,124.7768949531,0,"2017-06-02 04:29:54",4
10.6339639798,124.7769428976,0,"2017-06-05 05:07:27",5
10.8738530427,124.7107559536,0,"2017-05-15 04:38:58",4
10.6339896284,124.7767986450,0,"2017-06-05 04:39:12",5
10.7052292675,124.7830326017,0,"2017-06-10 08:07:31",5
10.8316927403,124.7424491867,0,"2017-05-11 01:20:22",4
10.6318799872,124.7768229526,0,"2017-06-02 02:12:54",5
10.6326844823,124.7767216153,0,"2017-06-03 03:25:07",5
10.8696559723,124.7160679009,0,"2017-05-30 04:35:46",4
10.8729999326,124.7116332874,0,"2017-05-15 02:23:58",4
10.6519987341,124.7833527066,0,"2017-06-09 02:30:34",5
10.8714962192,124.7141499538,0,"2017-05-13 04:40:06",4
10.6325584184,124.7770428099,0,"2017-06-04 02:06:09",4
10.8728530817,124.7124233656,0,"2017-05-18 01:46:34",4
10.8730038721,124.7116024420,0,"2017-05-15 02:39:58",4
10.6335613132,124.7765510436,0,"2017-05-08 04:25:46",4
10.8606884256,124.7219747119,0,"2017-05-11 03:05:22",4
10.7682027575,124.7844616324,0,"2017-05-22 03:59:28",5
10.8739039209,124.7105433047,0,"2017-05-19 06:18:50",5
10.7645872235,124.7854162473,0,"2017-05-21 02:21:27",5
10.6335033942,124.7767474316,0,"2017-06-04 06:22:58",5
10.6411114801,124.7785145883,0,"2017-06-10 05:53:16",5
10.6526272930,124.7839537729,0,"2017-05-27 03:33:38",5
10.6325946283,124.7768882476,0,"2017-06-04 02:33:24",4
10.9053810686,124.5967023075,0,"2017-05-24 01:55:30",5
10.8742557094,124.7106500901,0,"2017-05-16 02:12:06",4
10.7436983474,124.7866259236,0,"2017-05-06 02:04:28",4
10.7631922234,124.7851561569,0,"2017-05-21 01:27:28",4
10.6334705371,124.7766056098,0,"2017-05-08 04:52:31",4
10.8061060589,124.7487318423,0,"2017-06-10 01:07:57",4
10.7436957490,124.7865215689,0,"2017-05-06 01:23:28",4
10.7686782628,124.7839438822,0,"2017-05-22 03:38:42",4
10.8742475789,124.7107213363,0,"2017-05-16 01:54:35",4
10.7565784827,124.7860111948,0,"2017-05-21 04:48:58",4
10.6334509235,124.7767344397,0,"2017-05-08 03:14:31",4
10.7647308894,124.7853108868,0,"2017-05-06 06:24:44",4
10.6518783700,124.7828887682,0,"2017-06-09 01:54:00",4
10.6323929597,124.7767799534,0,"2017-06-02 03:12:54",5
10.8716274798,124.7141398955,0,"2017-05-13 05:13:06",4
10.8731126692,124.7115935571,0,"2017-05-20 05:45:39",4
10.7436675858,124.7865742911,0,"2017-05-06 02:08:13",4
10.7404601667,124.7910429351,0,"2017-05-25 06:32:19",5
10.6335223373,124.7764136642,0,"2017-06-04 08:24:28",5
10.8284858242,124.7513100319,0,"2017-05-28 02:41:41",4
10.6413044315,124.7813971248,0,"2017-06-15 05:40:19",4
10.6317618024,124.7764077131,0,"2017-06-01 06:41:49",5
10.8690583427,124.7163460962,0,"2017-05-30 01:28:27",5
10.8715957962,124.7138505522,0,"2017-06-11 03:15:01",5
10.7436716929,124.7865778115,0,"2017-05-06 02:10:28",4
10.8742201701,124.7105922550,0,"2017-05-16 03:12:36",4
10.7978151832,124.7553045955,0,"2017-05-16 04:49:21",4
10.7411246002,124.7888742853,0,"2017-05-12 03:18:32",4
10.8731923811,124.7114586923,0,"2017-05-15 03:49:43",4
10.8165497426,124.7443849873,0,"2017-05-16 04:39:06",4
10.7419043686,124.7900419682,0,"2017-05-21 23:22:12",4
10.7565893792,124.7859350871,0,"2017-05-21 04:49:41",5
10.7995110098,124.7683616728,0,"2017-05-23 04:38:02",5
10.8714900166,124.7141579166,0,"2017-05-13 02:57:50",5
10.7411970198,124.7887995187,0,"2017-06-12 03:08:21",5
10.6560101453,124.7792126331,0,"2017-06-10 07:44:16",5
10.8741440624,124.7107816860,0,"2017-05-20 03:57:38",4
10.7403202727,124.7910934780,0,"2017-05-25 06:08:22",4
10.6615012139,124.7904449701,0,"2017-05-27 01:04:43",4
10.7682044338,124.7846303601,0,"2017-05-22 01:24:12",4
10.8716476802,124.7141465172,0,"2017-05-13 05:56:20",5
10.7406780124,124.7885141149,0,"2017-05-26 22:43:16",4
10.7805446070,124.7789315879,0,"2017-05-07 04:21:43",4
10.8279131725,124.7441977356,0,"2017-05-11 01:18:22",4
10.7992576249,124.7685179114,0,"2017-05-23 02:58:34",4
10.6326615158,124.7769356892,0,"2017-06-04 02:25:39",4
10.7634677365,124.7746277321,0,"2017-05-28 00:03:56",4
10.6324765272,124.7767803725,0,"2017-06-05 03:05:36",4
10.8116738219,124.7642405424,0,"2017-05-28 03:49:11",4
10.8730731905,124.7121805418,0,"2017-05-18 04:01:33",4
10.8734471072,124.7121576592,0,"2017-05-19 02:45:41",4
10.7474268693,124.7854617611,0,"2017-05-17 09:01:51",4
10.7436743751,124.7865870316,0,"2017-05-06 02:14:58",4
10.8558244072,124.7264201380,0,"2017-05-11 02:06:37",4
10.7915926259,124.7707604896,0,"2017-05-07 01:28:11",4
10.8741350938,124.7109217476,0,"2017-05-20 03:24:15",5
10.8729773853,124.7123466711,0,"2017-05-19 01:54:11",4
10.6339161191,124.7766643669,0,"2017-06-05 06:17:51",4
10.8716392145,124.7139844112,0,"2017-06-11 03:43:31",5
10.7647326495,124.7851780336,0,"2017-05-06 06:07:14",4
10.6335505005,124.7767698951,0,"2017-06-04 06:38:13",5
10.8734432515,124.7112438641,0,"2017-05-19 04:39:51",5
10.8689166047,124.7164600063,0,"2017-05-29 02:35:17",4
10.6331979576,124.7765525524,0,"2017-06-04 04:14:16",4
10.7686275523,124.7839321475,0,"2017-05-22 03:13:27",4
10.6519724149,124.7829108965,0,"2017-06-09 01:22:19",5
10.7682533003,124.7846908774,0,"2017-05-22 07:17:27",4
10.7273058593,124.7932695877,0,"2017-05-25 00:22:04",5
10.6309185829,124.7763950564,0,"2017-06-03 02:18:00",4
10.8122605551,124.7636663821,0,"2017-05-28 02:49:41",4
10.7814120501,124.7784972377,0,"2017-05-07 04:21:13",4
10.8642876148,124.7170047462,0,"2017-05-16 04:10:51",4
10.7436661609,124.7865804937,0,"2017-05-06 02:22:58",4
10.7499541808,124.7796885576,0,"2017-05-13 08:57:20",5
10.8735052776,124.7111079097,0,"2017-05-19 05:13:26",4
10.8912910894,124.6973037533,0,"2017-05-24 00:18:15",5
10.6325643696,124.7767872456,0,"2017-06-01 06:52:49",5
10.6323761120,124.7767561488,0,"2017-06-02 03:38:54",5
10.6334590539,124.7767690569,0,"2017-05-08 05:03:46",4
10.6413595844,124.7780362330,0,"2017-06-06 04:04:41",4
10.8734764438,124.7112727817,0,"2017-05-19 04:31:56",4
10.6681613065,124.7768950369,0,"2017-06-03 04:51:15",4
10.8716174215,124.7141652927,0,"2017-05-13 05:42:50",5
10.8741359320,124.7107353341,0,"2017-06-11 05:24:30",4
10.8695500251,124.7161653824,0,"2017-05-30 03:38:57",5
10.8307648636,124.7356664669,0,"2017-05-16 04:30:51",4
10.6410498731,124.7785575874,0,"2017-06-10 06:45:27",4
10.6307865679,124.7763510514,0,"2017-06-01 06:31:04",5
10.8735118993,124.7119926196,0,"2017-05-18 06:53:09",4
10.8735042717,124.7112641484,0,"2017-05-19 04:12:51",5
10.7513678726,124.7906366643,0,"2017-05-21 07:26:05",4
10.8714562375,124.7140613571,0,"2017-06-11 02:05:16",4
10.6325077079,124.7769980505,0,"2017-06-04 01:31:24",4
10.8731062990,124.7115815710,0,"2017-05-20 05:45:24",4
10.8738947008,124.7105950210,0,"2017-05-20 02:29:54",4
10.7117105741,124.7944204230,0,"2017-06-06 00:46:29",5
10.8718424756,124.7138275858,0,"2017-05-14 03:10:58",5
10.7436733693,124.7865619697,0,"2017-05-06 01:39:43",4
10.7437804062,124.7864898015,0,"2017-05-12 01:25:02",4
10.6334805116,124.7766871657,0,"2017-05-08 05:00:16",4
10.8743218426,124.7105656844,0,"2017-05-16 03:52:06",4
10.7983419858,124.7678237222,0,"2017-05-23 00:13:19",4
10.7433793321,124.7868639696,0,"2017-05-25 04:33:07",4
10.8720895741,124.7139364667,0,"2017-05-14 03:43:13",5
10.6410280801,124.7787594236,0,"2017-06-10 07:16:31",5
10.7436747942,124.7865961678,0,"2017-05-06 01:50:13",4
10.8733317722,124.7120092157,0,"2017-05-20 06:52:39",4
10.8729206398,124.7118729260,0,"2017-05-15 02:43:04",5
10.7404367812,124.7896558978,0,"2017-05-18 09:57:29",4
10.7438890357,124.7865649872,0,"2017-06-08 00:17:57",4
10.6526262872,124.7838936746,0,"2017-05-27 03:59:43",4
10.7415994350,124.7876180895,0,"2017-05-25 03:28:49",5
10.8740309067,124.7106429655,0,"2017-06-11 05:29:01",5
10.8714761864,124.7141721658,0,"2017-05-13 02:32:36",4
10.7546161953,124.7849425022,0,"2017-06-12 02:21:10",4
10.7355688233,124.7607739549,0,"2017-06-10 00:34:57",4
10.8714789525,124.7141184378,0,"2017-05-13 03:11:21",4
10.8717888314,124.7137240693,0,"2017-05-14 03:17:28",5
10.8204956912,124.7508884221,0,"2017-05-29 06:17:07",5
10.7433165517,124.7872497886,0,"2017-05-17 06:14:50",4
10.8648041077,124.7180503886,0,"2017-05-30 00:57:46",4
10.6417541206,124.7778391745,0,"2017-06-06 05:06:56",4
10.8741005603,124.7107614856,0,"2017-05-15 04:12:49",5
10.6411445048,124.7785822302,0,"2017-06-10 06:29:42",4
10.7437459566,124.7865957487,0,"2017-05-06 02:37:43",4
10.6531566102,124.7839106899,0,"2017-05-27 03:05:43",4
10.7980357111,124.7690116055,0,"2017-05-23 00:49:49",4
10.6338453759,124.7769928537,0,"2017-06-05 02:31:51",4
10.7440590207,124.7854377888,0,"2017-05-18 09:19:28",4
10.6337121874,124.7767936997,0,"2017-06-04 07:01:43",5
10.8715183474,124.7138828225,0,"2017-06-11 03:18:31",4
10.7281981967,124.7934000101,0,"2017-05-25 02:34:07",4
10.6335873809,124.7766269837,0,"2017-06-04 05:06:31",4
10.6411333568,124.7785181087,0,"2017-06-10 06:09:12",4
10.8109250665,124.7637911048,0,"2017-06-08 03:31:02",5
10.6410602666,124.7790258005,0,"2017-06-15 00:59:49",4
10.8734758571,124.7119528055,0,"2017-05-18 06:32:36",5
10.6340536661,124.7765661310,0,"2017-06-05 07:36:36",4
10.8559020236,124.7263555974,0,"2017-05-11 02:27:52",4
10.6406661496,124.7811335977,0,"2017-06-15 03:57:19",4
10.8715451695,124.7141490318,0,"2017-05-13 07:13:06",4
10.7699067146,124.7831367888,0,"2017-05-07 04:27:28",4
10.6323817279,124.7767439950,0,"2017-06-02 03:23:09",5
10.7963221148,124.7542423569,0,"2017-06-11 07:23:31",4
10.7281930000,124.7934222221,0,"2017-05-25 01:34:07",4
10.7411696110,124.7887545917,0,"2017-05-25 05:49:34",5
10.8114978857,124.7644069232,0,"2017-05-28 04:07:41",4
10.8731085621,124.7122221161,0,"2017-05-18 04:08:04",4
10.6531608850,124.7838779166,0,"2017-05-27 02:57:13",4
10.8728598710,124.7124163248,0,"2017-05-18 01:56:18",4
10.7657440100,124.7736467142,0,"2017-05-28 00:04:56",4
10.8698325790,124.7158807330,0,"2017-05-30 06:12:46",4
10.7621863950,124.7852496151,0,"2017-05-06 04:43:27",4
10.6519787852,124.7833009064,0,"2017-06-09 02:48:19",5
10.7436693460,124.7865871992,0,"2017-05-06 02:14:43",4
10.7682270650,124.7842161264,0,"2017-05-22 02:11:58",5
10.8187230024,124.7512749955,0,"2017-05-13 01:42:35",5
10.7598487660,124.7783415858,0,"2017-06-08 01:50:17",5
10.7419960666,124.7874590848,0,"2017-05-06 01:06:13",4
10.8084685821,124.7585432790,0,"2017-05-13 01:34:50",5
10.8718867321,124.7137521487,0,"2017-05-14 01:56:38",4
10.7642135583,124.7852952126,0,"2017-06-12 00:53:25",4
10.6335244328,124.7765812185,0,"2017-05-08 04:39:01",4
10.6339371577,124.7764880117,0,"2017-06-05 06:53:27",5
10.6527660135,124.7839947604,0,"2017-05-27 03:14:58",4
10.6325302552,124.7770051751,0,"2017-06-04 01:09:43",5
10.7438144367,124.7865461279,0,"2017-05-12 01:27:32",4
10.6406786386,124.7810176760,0,"2017-05-08 01:25:10",4
10.7281884737,124.7933455277,0,"2017-06-13 00:51:02",4
10.8557274286,124.7262119316,0,"2017-05-29 02:01:47",4
10.8728663251,124.7122330964,0,"2017-05-18 02:30:04",4
10.8735995740,124.7115653940,0,"2017-05-18 07:35:55",4
10.7619466726,124.7858677804,0,"2017-05-21 01:14:44",4
10.6422137003,124.7745986469,0,"2017-05-08 03:05:01",4
10.6462460663,124.7770495154,0,"2017-06-06 02:03:26",4
10.8716197684,124.7141172644,0,"2017-05-13 06:03:06",4
10.6339589506,124.7768128105,0,"2017-06-05 04:50:56",5
10.8715189341,124.7138802242,0,"2017-06-11 03:28:46",4
10.7572633680,124.7793846298,0,"2017-05-19 08:31:51",5
10.7272754330,124.7933182865,0,"2017-05-25 00:48:22",4
10.7281688601,124.7933394089,0,"2017-05-25 01:56:52",4
10.8689343743,124.7165133152,0,"2017-05-29 05:23:47",4
10.7646867167,124.7852464300,0,"2017-05-06 05:49:14",4
10.8734938782,124.7120812163,0,"2017-05-18 06:23:40",4
10.8736482728,124.7114425991,0,"2017-05-18 07:49:40",4
10.6817098986,124.7803758737,0,"2017-06-02 00:32:54",4
10.7588266768,124.7768290713,0,"2017-05-30 08:34:42",5
10.8733542357,124.7113244142,0,"2017-05-20 07:23:53",4
10.6521045137,124.7838228475,0,"2017-06-09 04:03:00",4
10.6326007470,124.7771046683,0,"2017-06-03 04:24:00",4
10.6521021668,124.7838065028,0,"2017-06-09 04:04:00",4
10.7647465635,124.7852415685,0,"2017-05-06 05:51:29",4
10.6325415708,124.7769136447,0,"2017-06-04 02:56:54",4
10.6527892314,124.7832348570,0,"2017-06-09 00:49:15",4
10.7305915654,124.7937656287,0,"2017-05-25 00:16:22",4
10.8736474346,124.7115613706,0,"2017-05-18 07:41:21",5
10.8738822117,124.7107410338,0,"2017-05-15 06:25:43",4
10.7632280979,124.7849596012,0,"2017-05-21 01:26:12",5
10.8029771782,124.7529015038,0,"2017-05-13 08:29:20",5
10.7428263780,124.7872497048,0,"2017-05-25 05:22:49",5
10.6522808690,124.7836598195,0,"2017-05-27 05:47:43",4
10.6412953790,124.7783264983,0,"2017-06-06 04:06:59",5
10.7646752335,124.7852284089,0,"2017-05-06 05:56:59",4
10.6336158793,124.7766281571,0,"2017-06-04 05:39:01",4
10.8715037629,124.7140625305,0,"2017-06-11 01:20:01",5
10.8731789701,124.7120513767,0,"2017-05-18 04:46:49",4
10.7647024747,124.7851597611,0,"2017-05-06 05:55:59",4
10.7646598108,124.7852351144,0,"2017-05-06 05:57:44",4
10.6327977218,124.7765870858,0,"2017-06-03 03:52:37",5
10.6327115558,124.7769318335,0,"2017-06-02 04:53:39",4
10.7404147368,124.7911412548,0,"2017-05-22 00:10:27",4
10.8741400391,124.7109601367,0,"2017-05-20 03:28:00",5
10.6408995017,124.7790981364,0,"2017-06-15 01:39:49",4
10.7411313057,124.7888643946,0,"2017-05-12 03:15:47",4
10.6523132231,124.7831673827,0,"2017-06-09 05:23:00",4
10.7685739081,124.7839000449,0,"2017-05-22 03:27:13",5
10.8718719799,124.7137705050,0,"2017-05-14 01:56:28",5
10.6340060569,124.7765440866,0,"2017-06-05 07:07:42",5
10.6406661496,124.7811930254,0,"2017-06-15 04:54:03",4
10.8718814515,124.7137446050,0,"2017-05-14 02:29:07",4
10.8110745996,124.7458997648,0,"2017-06-11 07:16:01",4
10.7435570285,124.7863742989,0,"2017-06-08 00:49:27",4
10.7412505802,124.7888722736,0,"2017-05-19 08:59:06",5
10.8714885917,124.7141004167,0,"2017-05-13 07:12:05",5
10.8107956499,124.7647147067,0,"2017-05-28 04:57:11",4
10.6413600873,124.7782957368,0,"2017-06-06 04:29:41",4
10.7664354332,124.7789209429,0,"2017-05-07 01:13:11",4
10.8718981314,124.7137556691,0,"2017-05-14 01:49:08",4
10.8714740071,124.7141905222,0,"2017-05-13 04:01:19",5
10.7411632407,124.7888934799,0,"2017-06-03 06:29:06",5
10.8733573370,124.7121958807,0,"2017-05-20 06:51:39",4
10.6413961295,124.7782763746,0,"2017-06-10 05:24:01",5
10.7683149073,124.7842155397,0,"2017-05-22 03:58:12",4
10.7059562299,124.7935148422,0,"2017-06-06 01:00:29",5
10.8559037000,124.7268622834,0,"2017-06-10 03:18:27",4
10.6327725761,124.7770153172,0,"2017-06-01 04:30:49",5
10.6338763889,124.7769915964,0,"2017-06-05 02:51:51",4
10.8727524988,124.7118258197,0,"2017-05-15 03:16:04",5
10.7647761516,124.7851340286,0,"2017-05-06 06:05:29",4
10.8052029088,124.7581569571,0,"2017-05-23 05:51:39",4
10.7441399060,124.7861354146,0,"2017-05-12 02:31:17",4
10.6404397544,124.7813497670,0,"2017-05-08 01:25:55",4
10.7641938608,124.7852108907,0,"2017-05-21 01:47:12",5
10.7638407312,124.7851157561,0,"2017-05-21 01:44:37",4
10.6413558125,124.7782669030,0,"2017-06-06 04:41:56",4
10.7436641492,124.7865861095,0,"2017-05-06 02:20:13",4
10.7576043438,124.7864617221,0,"2017-05-21 04:31:13",4
10.8736548107,124.7113470454,0,"2017-05-19 03:25:56",4
10.6978071760,124.7831664607,0,"2017-06-02 00:26:39",4
10.7281796727,124.7934146784,0,"2017-05-25 01:35:22",4
10.8729804028,124.7116189543,0,"2017-05-15 03:23:25",4
10.6339459587,124.7765003331,0,"2017-06-05 06:52:27",5
10.8558923006,124.7262421064,0,"2017-05-11 01:36:22",4
10.8704183903,124.7149916645,0,"2017-05-30 07:28:27",5
10.6992450915,124.7886117641,0,"2017-06-09 00:15:00",4
10.8559260797,124.7262397595,0,"2017-05-11 02:19:07",4
10.7998446096,124.7681500297,0,"2017-05-23 04:48:31",5
10.8688096516,124.7164248023,0,"2017-05-29 03:16:37",5
10.6608590763,124.7836578917,0,"2017-06-09 05:50:30",5
10.8715472650,124.7141531389,0,"2017-05-13 07:24:51",4
10.8738603350,124.7107562050,0,"2017-05-15 05:35:04",5
10.7785452716,124.7745934501,0,"2017-05-07 01:20:26",4
10.6337502412,124.7769411374,0,"2017-06-04 07:36:43",5
10.8738966286,124.7106652614,0,"2017-05-20 02:59:54",4
10.8718846366,124.7137723491,0,"2017-05-14 02:41:22",4
10.8690471109,124.7163849883,0,"2017-05-30 01:30:31",4
10.7684796955,124.7839303873,0,"2017-05-22 05:22:12",4
10.6407222245,124.7817548644,0,"2017-06-15 05:19:48",4
10.8732249867,124.7119466867,0,"2017-05-18 06:02:10",4
10.7682086248,124.7847034503,0,"2017-05-22 04:38:58",5
10.8540988248,124.7283747140,0,"2017-05-09 01:32:22",4
10.6339757983,124.7769308276,0,"2017-06-05 03:49:27",5
10.7552910224,124.7852610145,0,"2017-06-12 02:11:10",4
10.8691714145,124.7163458448,0,"2017-05-30 01:39:12",5
10.7436930668,124.7865558509,0,"2017-05-06 01:37:58",4
10.7402155828,124.7909884527,0,"2017-05-25 07:20:26",4
10.8696580678,124.7161835711,0,"2017-05-30 03:58:01",4
10.7410900667,124.7887591179,0,"2017-05-18 09:53:29",4
10.8696092851,124.7161093075,0,"2017-05-30 03:39:16",4
10.6526475772,124.7838520166,0,"2017-05-27 04:08:58",4
10.8716604207,124.7143231239,0,"2017-05-14 01:37:53",4
10.7690898143,124.7835384496,0,"2017-05-22 06:00:12",4
10.7410306390,124.7887814138,0,"2017-06-11 08:02:16",5
10.7436614670,124.7865927313,0,"2017-05-06 02:00:58",4
10.7646433823,124.7852442507,0,"2017-05-06 06:16:44",4
10.6524031609,124.7839472350,0,"2017-06-09 04:47:34",5
10.8327415679,124.7488886677,0,"2017-05-28 00:55:56",4
10.7428299822,124.7872335277,0,"2017-05-25 05:25:34",5
10.6335815974,124.7765585035,0,"2017-05-08 04:35:46",4
10.6333987880,124.7764509637,0,"2017-06-04 04:36:46",4
10.8738823794,124.7107320651,0,"2017-05-15 06:27:43",4
10.7994748838,124.7683650255,0,"2017-05-23 04:19:18",4
10.8728524949,124.7120178491,0,"2017-05-20 06:32:39",4
10.8618027158,124.7190963663,0,"2017-05-09 01:39:37",4
10.7692227513,124.7834815364,0,"2017-05-07 05:29:18",4
10.7214790955,124.7640095372,0,"2017-06-10 04:43:42",4
10.7646814361,124.7852118965,0,"2017-05-06 06:19:59",4
10.7048266008,124.7842583712,0,"2017-06-02 00:23:54",4
10.8734739292,124.7117371392,0,"2017-05-18 06:58:36",5
10.7926423755,124.7594232950,0,"2017-05-19 08:10:06",5
10.8718746621,124.7137875203,0,"2017-05-14 03:47:08",4
10.7987837121,124.7686135489,0,"2017-05-23 02:39:34",4
10.9310857672,124.6822522860,0,"2017-05-24 00:33:00",5
10.7435191423,124.7866024543,0,"2017-06-13 02:01:17",4
10.8694678824,124.7163051926,0,"2017-05-30 03:12:31",4
10.8729728591,124.7115503065,0,"2017-05-20 05:54:24",4
10.7989917509,124.7686482500,0,"2017-05-23 02:13:20",5
10.6338701025,124.7769128066,0,"2017-06-05 03:44:42",5
10.8718091156,124.7137262486,0,"2017-05-14 03:14:43",5
10.6310102809,124.7766164225,0,"2017-06-02 02:29:24",4
10.6311575510,124.7765031829,0,"2017-06-01 05:55:19",5
10.6518466026,124.7834035847,0,"2017-06-09 05:34:15",4
10.7404102944,124.7911217250,0,"2017-05-22 00:01:57",4
10.6326134875,124.7770734876,0,"2017-06-03 02:55:15",4
10.6523129717,124.7838080954,0,"2017-05-27 05:02:38",5
10.8732294291,124.7122431546,0,"2017-05-19 02:10:06",5
10.8493399154,124.6949553955,0,"2017-05-23 06:22:39",4
10.7638517115,124.7851070389,0,"2017-05-21 01:46:22",4
10.7551133260,124.7851673886,0,"2017-05-21 05:39:58",4
10.7407570537,124.7899840493,0,"2017-05-13 09:13:06",5
10.6416065991,124.7779734526,0,"2017-06-06 02:44:29",5
10.7577589899,124.7867213935,0,"2017-05-21 04:24:28",4
10.8731578477,124.7120523825,0,"2017-05-18 04:50:15",5
10.8689642977,124.7164937854,0,"2017-05-29 05:07:17",4
10.7435630634,124.7864662483,0,"2017-06-08 01:23:27",4
10.8689575922,124.7165045142,0,"2017-05-29 05:38:22",5
10.8703862038,124.7150082607,0,"2017-06-10 02:57:42",4
10.7770651113,124.7809325159,0,"2017-05-07 04:23:43",4
10.7412654161,124.7888811585,0,"2017-05-25 05:53:34",5
10.8557870239,124.7262293659,0,"2017-05-29 01:50:36",5
10.7991741411,124.7685329989,0,"2017-05-23 03:21:34",4
10.8714957163,124.7142394725,0,"2017-05-13 04:16:20",5
10.8730419260,124.7121764347,0,"2017-05-18 03:45:19",4
10.7637903560,124.7852269001,0,"2017-05-06 04:46:04",4
10.6526235212,124.7839094326,0,"2017-05-27 03:30:28",4
10.7564964239,124.7858110350,0,"2017-05-21 04:54:11",5
10.8113460895,124.7646360844,0,"2017-06-08 03:18:32",5
10.8730228990,124.7121800389,0,"2017-05-18 03:26:49",4
10.8715589996,124.7141202819,0,"2017-05-13 06:58:35",5
10.7586612180,124.7875920217,0,"2017-05-21 07:22:50",4
10.8730748668,124.7122510336,0,"2017-05-18 03:12:04",4
10.6405571848,124.7810840607,0,"2017-06-15 03:10:34",4
10.7502113376,124.7834955342,0,"2017-05-21 06:43:26",5
10.8732016850,124.7113850154,0,"2017-05-20 05:21:09",4
10.6335898116,124.7767700627,0,"2017-06-04 06:37:13",5
10.7433986943,124.7867349721,0,"2017-05-25 04:26:52",4
10.8732119109,124.7119200323,0,"2017-05-18 06:02:25",4
10.6308547128,124.7764441743,0,"2017-06-03 01:32:37",5
10.6413057726,124.7814056743,0,"2017-06-15 05:38:49",4
10.7403351925,124.7895831428,0,"2017-05-25 07:31:28",5
10.8689707518,124.7164645325,0,"2017-05-29 05:09:07",5
10.7281686086,124.7933515627,0,"2017-05-25 02:01:22",4
10.7796866354,124.7628856916,0,"2017-05-20 08:27:24",4
10.8117385302,124.7644178197,0,"2017-05-28 03:20:04",5
10.6338690128,124.7765083797,0,"2017-06-05 06:44:05",4
10.8733207919,124.7121821344,0,"2017-05-09 03:21:57",4
10.8735013381,124.7110007890,0,"2017-05-19 05:24:06",5
10.8719192538,124.7137847543,0,"2017-05-14 02:17:58",5
10.7437569369,124.7865091637,0,"2017-05-06 01:09:58",4
10.8715673815,124.7141678911,0,"2017-05-13 06:35:51",4
10.7519052364,124.7839443013,0,"2017-05-21 06:30:35",4
10.8729915507,124.7116170265,0,"2017-05-15 02:06:58",4
10.6327159982,124.7766248882,0,"2017-06-04 03:27:24",4
10.6527387723,124.7834609170,0,"2017-05-27 01:49:53",5
10.8728995174,124.7123226989,0,"2017-05-18 02:16:00",5
10.8731597755,124.7120304219,0,"2017-05-18 04:38:04",4
10.7436922286,124.7865877021,0,"2017-05-06 01:44:43",4
10.8736197744,124.7115098219,0,"2017-05-18 07:46:10",4
10.8715762664,124.7139072139,0,"2017-06-11 03:29:01",5
10.7440055441,124.7861714568,0,"2017-05-17 06:00:05",4
10.8741205093,124.7108040657,0,"2017-05-20 03:39:30",5
10.8728575241,124.7124099545,0,"2017-05-18 01:42:45",5
10.7557370234,124.7849965654,0,"2017-05-06 06:38:29",4
10.7691693585,124.7835110407,0,"2017-05-07 05:35:48",4
10.7400223799,124.7908447869,0,"2017-05-25 06:47:56",4
10.7646514289,124.7852820531,0,"2017-05-06 06:02:44",4
10.7532617636,124.7841877956,0,"2017-05-06 06:41:17",4
10.7689897344,124.7835966200,0,"2017-05-22 06:59:43",5
10.7436965033,124.7865941562,0,"2017-05-06 02:03:13",4
10.8715475164,124.7141455114,0,"2017-05-13 07:14:06",4
10.6521197688,124.7838274576,0,"2017-06-09 04:09:45",4
10.6526109483,124.7837450635,0,"2017-05-27 04:33:58",4
10.7407966163,124.7881497536,0,"2017-05-07 00:57:11",4
10.6526332442,124.7839184012,0,"2017-05-27 03:43:13",4
10.6412886735,124.7783398256,0,"2017-06-06 04:08:44",5
10.8729453664,124.7121493611,0,"2017-05-18 02:49:34",4
10.6526608206,124.7838526871,0,"2017-05-27 04:05:13",4
10.8716012444,124.7141354531,0,"2017-06-11 04:06:31",5
10.9041348472,124.6026698034,0,"2017-05-24 01:58:00",5
10.8718831278,124.7137546632,0,"2017-05-14 02:09:53",4
10.8730916306,124.7121811286,0,"2017-05-18 04:06:04",4
10.6336751394,124.7767916881,0,"2017-06-04 07:38:31",4
10.8737041801,124.7106349189,0,"2017-05-19 06:37:56",4
10.6326244678,124.7770151496,0,"2017-06-03 03:12:30",4
10.8716119733,124.7141200304,0,"2017-05-13 05:54:51",4
10.6335055735,124.7765874211,0,"2017-05-08 04:30:46",4
10.8738695551,124.7107507568,0,"2017-05-15 06:01:18",5
10.7281779125,124.7933433484,0,"2017-05-25 02:15:52",4
10.8729590289,124.7116691619,0,"2017-05-15 02:40:19",5
10.8696749154,124.7160635423,0,"2017-05-30 04:50:01",4
10.7436818350,124.7865672503,0,"2017-05-06 01:39:28",4
10.6339519098,124.7765849903,0,"2017-06-05 06:54:36",4
10.7442319393,124.7861577105,0,"2017-05-12 01:20:32",4
10.7435524184,124.7863605525,0,"2017-06-08 01:01:57",4
10.8689945564,124.7164855711,0,"2017-05-29 02:23:02",4
10.7606392633,124.7810019180,0,"2017-05-07 01:09:41",4
10.8691157587,124.7163337748,0,"2017-05-30 01:53:16",4
10.7532790303,124.7844491433,0,"2017-06-12 02:29:10",4
10.7692395151,124.7834975459,0,"2017-05-22 06:51:12",4
10.8714682236,124.7142474353,0,"2017-05-13 03:49:35",5
10.7686725631,124.7839312255,0,"2017-05-22 05:52:28",5
10.7438247465,124.7865404282,0,"2017-05-12 01:28:47",4
10.8719283901,124.7137575969,0,"2017-05-14 04:13:53",4
10.8668935485,124.7151614819,0,"2017-05-16 04:09:06",4
10.8736467641,124.7115399968,0,"2017-05-18 07:25:21",5
10.7682188507,124.7846043762,0,"2017-05-22 04:27:12",4
10.8689104021,124.7164656222,0,"2017-05-29 02:49:32",4
10.8450099081,124.7016345151,0,"2017-05-23 06:19:24",4
10.7613308541,124.7549378872,0,"2017-06-10 04:24:27",4
10.7645231858,124.7854567319,0,"2017-05-21 02:52:37",4
10.6341292709,124.7764953878,0,"2017-06-05 08:08:20",4
10.7621157356,124.7857550438,0,"2017-05-21 03:27:07",4
10.6528061628,124.7834980488,0,"2017-05-27 02:13:43",4
10.8718885761,124.7136881109,0,"2017-05-14 01:43:08",4
10.8118289709,124.7643489204,0,"2017-05-28 03:24:41",4
10.7991790865,124.7684983816,0,"2017-05-23 03:14:20",5
10.7780865300,124.7659942880,0,"2017-05-16 04:59:36",4
10.6341023650,124.7765194438,0,"2017-06-05 08:21:06",4
10.8735769428,124.7109694406,0,"2017-05-19 07:06:21",5
10.8006788604,124.7677065432,0,"2017-05-07 02:53:08",4
10.7412330620,124.7889436036,0,"2017-05-25 05:59:52",4
10.7411128655,124.7888716031,0,"2017-05-12 03:21:32",4
10.8719344251,124.7137969080,0,"2017-05-14 03:54:23",4
10.7632040419,124.7851268202,0,"2017-06-12 00:22:55",4
10.8661359083,124.7172241006,0,"2017-05-09 06:09:20",4
10.8699658513,124.7158385720,0,"2017-05-30 06:16:27",5
10.8734690677,124.7117851675,0,"2017-05-18 07:32:25",4
10.8108078875,124.7646979429,0,"2017-05-28 05:01:41",4
10.8695988078,124.7160886042,0,"2017-05-30 04:54:31",4
10.6334463973,124.7766300011,0,"2017-05-08 04:10:16",4
10.8737724088,124.7109261062,0,"2017-05-20 02:53:30",5
10.6519978959,124.7832905967,0,"2017-06-09 03:34:30",4
10.6523385365,124.7838631645,0,"2017-05-27 05:25:58",4
10.7688837871,124.7837336641,0,"2017-05-22 05:58:28",5
10.6333578005,124.7768265568,0,"2017-06-04 08:06:13",5
10.6339711882,124.7766020894,0,"2017-06-05 06:34:26",5
10.7205029391,124.7939377092,0,"2017-06-10 00:09:41",4
10.8124569431,124.7450606525,0,"2017-06-11 07:14:16",4
10.8714450058,124.7140751034,0,"2017-06-11 01:36:01",5
10.8713764418,124.7139430046,0,"2017-06-11 02:23:01",5
10.7437143568,124.7865127679,0,"2017-05-06 01:18:28",4
10.6335985288,124.7765822243,0,"2017-06-04 05:25:43",5
10.7979712542,124.7563765571,0,"2017-05-19 08:06:41",4
10.7424367871,124.7870039474,0,"2017-05-19 08:42:26",4
10.8740401268,124.7107489128,0,"2017-06-11 05:58:16",4
10.7682439964,124.7846714314,0,"2017-05-22 01:08:12",4
10.7772952784,124.7750301473,0,"2017-05-07 01:19:41",4
10.8272749744,124.7382476740,0,"2017-05-19 07:47:41",4
10.8714747615,124.7141605150,0,"2017-05-13 03:24:36",4
10.8737959620,124.7107867151,0,"2017-05-19 05:51:51",5
10.8730930556,124.7116145957,0,"2017-05-20 05:43:54",4
10.6471443549,124.7786535602,0,"2017-05-08 05:42:46",4
10.8111365419,124.7642656881,0,"2017-06-08 03:27:47",5
10.8083716873,124.7500635590,0,"2017-05-19 08:00:06",5
10.7980942167,124.7688416205,0,"2017-05-23 00:50:35",5
10.6323801354,124.7768010758,0,"2017-06-02 03:09:54",4
10.8728270140,124.7119581699,0,"2017-05-20 06:27:59",5
10.8731549140,124.7114757914,0,"2017-05-15 03:51:19",5
10.8690537326,124.7163732536,0,"2017-05-30 01:31:46",4
10.7646975294,124.7852564044,0,"2017-05-06 06:09:29",4
10.6323403213,124.7766741738,0,"2017-06-02 02:30:39",5
10.6340698432,124.7765463497,0,"2017-06-05 07:27:11",5
10.7643811125,124.7851607669,0,"2017-06-12 01:19:10",4
10.8689175267,124.7165133990,0,"2017-05-29 02:26:47",4
10.8737512026,124.7111682594,0,"2017-05-19 03:22:51",5
10.8738990594,124.7108023893,0,"2017-05-20 02:13:09",4
10.8740688767,124.7106868029,0,"2017-06-11 05:37:31",4
10.6334416196,124.7767228726,0,"2017-05-08 05:12:31",4
10.7442497928,124.7862593830,0,"2017-05-12 02:11:02",4
10.7983005792,124.7687122039,0,"2017-05-07 02:55:23",4
10.7501435280,124.7818235960,0,"2017-05-13 00:55:37",5
10.8341823332,124.7312645428,0,"2017-05-20 07:53:45",5
10.7992467284,124.7685027402,0,"2017-05-23 02:59:04",4
10.8622093219,124.7200405039,0,"2017-05-09 06:13:05",4
10.8731993381,124.7122600023,0,"2017-05-19 02:14:11",4
10.8738425653,124.7106653452,0,"2017-05-20 04:49:00",5
10.8326233830,124.7419742681,0,"2017-05-11 01:20:52",4
10.7685433142,124.7839287948,0,"2017-05-22 03:08:42",4
10.6522818748,124.7836383618,0,"2017-05-27 06:10:13",4
10.8716337662,124.7141477745,0,"2017-05-13 06:00:21",4
10.7403778564,124.7910632193,0,"2017-05-22 00:39:12",4
10.7970372587,124.7506193630,0,"2017-06-10 01:03:42",4
10.8696609177,124.7161689028,0,"2017-05-30 03:57:46",4
10.7693985198,124.7834454104,0,"2017-05-22 06:47:42",4
10.6412214506,124.7783356346,0,"2017-06-10 05:33:46",5
10.8735466842,124.7112951614,0,"2017-05-19 04:59:36",5
10.8699640911,124.7158617899,0,"2017-05-09 04:09:48",4
10.7413884625,124.7881539445,0,"2017-06-05 01:00:53",5
10.7281624898,124.7933520656,0,"2017-05-25 01:48:22",4
10.7691986114,124.7833721526,0,"2017-05-07 05:54:03",4
10.7682760991,124.7841945849,0,"2017-05-22 02:01:42",4
10.7646542788,124.7852577455,0,"2017-05-06 06:00:29",4
10.8698321600,124.7158830799,0,"2017-05-30 06:12:16",4
10.8558484633,124.7263680026,0,"2017-05-11 02:58:52",4
10.7438638899,124.7866529133,0,"2017-06-08 00:14:42",4
10.6526225153,124.7839061636,0,"2017-05-27 03:59:13",4
10.6519512087,124.7832855675,0,"2017-06-09 03:08:49",5
10.8703399356,124.7151824366,0,"2017-05-30 06:52:12",5
10.8734565787,124.7112966701,0,"2017-05-19 04:48:56",4
10.8105938137,124.7562540136,0,"2017-05-28 00:24:41",4
10.8687755372,124.7164263949,0,"2017-05-29 03:40:32",4
10.7551948819,124.7852362879,0,"2017-05-21 05:19:41",5
10.6523526181,124.7836226039,0,"2017-05-27 06:19:38",5
10.7681600098,124.7846133448,0,"2017-05-22 04:06:28",5
10.7403848972,124.7911105771,0,"2017-05-22 00:46:27",4
10.7432145439,124.7883283719,0,"2017-05-21 07:43:26",5
10.6521791127,124.7836295608,0,"2017-05-27 06:33:53",5
10.8728801552,124.7123648599,0,"2017-05-18 02:15:04",4
10.7984498609,124.7686580569,0,"2017-05-23 01:19:49",4
10.8741500974,124.7109569516,0,"2017-05-20 03:27:30",5
10.6414592452,124.7782354709,0,"2017-06-06 03:55:29",5
10.8715161681,124.7141082957,0,"2017-05-13 07:13:05",5
10.6335476507,124.7765720822,0,"2017-05-08 04:37:16",4
10.6523378659,124.7838700376,0,"2017-05-27 04:58:38",5
10.7491873205,124.7839391883,0,"2017-05-21 06:50:56",5
10.8718804456,124.7137762047,0,"2017-05-14 03:36:08",4
10.7731656823,124.7683930211,0,"2017-06-11 07:36:01",4
10.8715879172,124.7141439188,0,"2017-06-11 04:10:30",5
10.6335132848,124.7766036820,0,"2017-06-04 06:03:13",5
10.6412184332,124.7783445194,0,"2017-06-10 05:34:46",5
10.7436700165,124.7865868639,0,"2017-05-06 02:15:28",4
10.8111519646,124.7646343242,0,"2017-05-28 04:30:11",4
10.7561351638,124.7850971483,0,"2017-05-06 06:38:14",4
10.6418410409,124.7778257634,0,"2017-06-06 02:09:11",4
10.6413486041,124.7741560824,0,"2017-05-08 05:36:46",4
10.8730142657,124.7116322815,0,"2017-05-15 01:44:28",4
10.8643724397,124.7170963604,0,"2017-06-10 03:08:31",5
10.8629050199,124.7168702167,0,"2017-05-19 07:25:11",4
10.7994383387,124.7683869861,0,"2017-05-23 04:38:18",4
10.7981080469,124.7690141201,0,"2017-05-07 03:06:08",4
10.8741562162,124.7107686102,0,"2017-05-20 03:43:00",5
10.8689466957,124.7164688073,0,"2017-05-29 05:03:32",4
10.6425716914,124.7757495660,0,"2017-05-08 03:04:16",4
10.6335888896,124.7765756864,0,"2017-06-04 05:08:46",4
10.7436657418,124.7865849361,0,"2017-05-06 02:18:58",4
10.8742783405,124.7105814423,0,"2017-05-16 03:50:58",5
10.7436688431,124.7865439486,0,"2017-05-06 01:46:57",4
10.6411526352,124.7785876784,0,"2017-06-10 06:36:12",4
10.7981966436,124.7646534350,0,"2017-05-13 01:27:20",5
10.8558011055,124.7261485644,0,"2017-05-11 01:40:22",4
10.8690575045,124.7164646164,0,"2017-05-29 04:49:37",5
10.6328698900,124.7766482737,0,"2017-06-04 03:10:13",5
10.7835816219,124.7727128025,0,"2017-05-07 01:23:26",4
10.7439070567,124.7866257560,0,"2017-05-19 09:06:06",5
10.7428884041,124.7872063704,0,"2017-05-25 03:57:07",4
10.6406518165,124.7811065242,0,"2017-06-15 04:24:04",4
10.6319128443,124.7765016742,0,"2017-06-03 02:28:30",4
10.6415516976,124.7778817546,0,"2017-06-06 03:06:44",5
10.7646787539,124.7852082085,0,"2017-05-06 05:57:59",4
10.7647277880,124.7853566520,0,"2017-05-06 06:12:14",4
10.6311989576,124.7764449287,0,"2017-06-01 06:06:04",5
10.8736543916,124.7113565169,0,"2017-05-19 03:24:11",4
10.7883267011,124.7741802223,0,"2017-05-07 04:16:58",4
10.6526954379,124.7834768426,0,"2017-05-27 01:48:28",4
10.8111825585,124.7645857092,0,"2017-05-28 04:17:11",4
10.6519502867,124.7832836397,0,"2017-06-09 03:23:49",5
10.6519398093,124.7833214421,0,"2017-06-09 03:13:45",4
10.8729363978,124.7118643764,0,"2017-05-15 02:29:49",5
10.6519450899,124.7832890879,0,"2017-06-09 03:15:19",5
10.8718827926,124.7137486283,0,"2017-05-14 02:29:23",4
10.8738934435,124.7106988728,0,"2017-05-20 02:27:54",4
10.6413635239,124.7782766260,0,"2017-06-06 04:28:56",4
10.8734498732,124.7121718246,0,"2017-05-19 02:42:11",4
10.6518973131,124.7828712501,0,"2017-06-09 01:54:19",5
10.8738607541,124.7108436283,0,"2017-05-20 03:08:24",4
10.8480153233,124.7232598253,0,"2017-05-20 07:44:54",4
10.7282429561,124.7935013473,0,"2017-05-25 01:28:49",5
10.6334696151,124.7766994871,0,"2017-05-08 05:13:01",4
10.7982442528,124.7688554507,0,"2017-05-07 03:10:23",4
10.8737357799,124.7107772436,0,"2017-05-19 06:23:41",4
10.6526053324,124.7837408725,0,"2017-05-27 04:34:28",4
10.7998096570,124.7681895923,0,"2017-05-23 04:55:33",4
10.8687029500,124.7166235372,0,"2017-05-29 03:36:52",5
10.8729671594,124.7123252973,0,"2017-05-19 01:54:21",5
10.7460199669,124.7844837606,0,"2017-05-07 01:01:11",4
10.7433846965,124.7867664043,0,"2017-05-25 04:36:52",4
10.6529623177,124.7836599872,0,"2017-06-09 04:52:15",4
10.6339984294,124.7765067872,0,"2017-06-05 07:28:20",4
10.6414144859,124.7780256718,0,"2017-06-06 03:28:59",5
10.6335786637,124.7766032629,0,"2017-06-04 05:32:28",5
10.7982331049,124.7687355895,0,"2017-05-07 03:17:08",4
10.8737223689,124.7112838458,0,"2017-05-19 03:28:40",4
10.7433052361,124.7869639657,0,"2017-05-25 04:03:52",4
10.7982415706,124.7687795106,0,"2017-05-07 03:18:08",4
10.7411317248,124.7888618801,0,"2017-05-12 03:12:47",4
10.7982611842,124.7687909100,0,"2017-05-07 03:19:08",4
10.6306655332,124.7759281844,0,"2017-06-02 01:17:24",5
10.6334826909,124.7766371258,0,"2017-05-08 04:57:01",4
10.7401807979,124.7909473814,0,"2017-05-25 07:05:56",4
10.7982074562,124.7687270399,0,"2017-05-07 03:20:38",4
10.6415692996,124.7780110035,0,"2017-06-06 02:33:56",4
10.8687949833,124.7164486069,0,"2017-05-29 03:14:51",5
10.7435393427,124.7863401007,0,"2017-05-12 02:22:31",4
10.8714773599,124.7141570784,0,"2017-05-13 03:53:51",4
10.6411196105,124.7786224633,0,"2017-06-10 06:37:46",5
10.8375780936,124.7341680340,0,"2017-05-30 07:53:27",5
10.7699019369,124.7623878065,0,"2017-05-26 23:00:01",4
10.8434267342,124.7331741080,0,"2017-05-13 02:01:20",5
10.8248190768,124.7390695196,0,"2017-05-19 07:49:06",5
10.7436856907,124.7865840979,0,"2017-05-06 02:07:58",4
10.7981999125,124.7687159758,0,"2017-05-07 03:21:23",4
10.7282391842,124.7934018541,0,"2017-05-25 03:00:07",4
10.7715070713,124.7691660840,0,"2017-05-16 05:02:58",5
10.7691276167,124.7835879028,0,"2017-05-22 06:00:42",4
10.7565986831,124.7859848756,0,"2017-06-12 01:37:06",5
10.8734792098,124.7112803254,0,"2017-05-19 04:49:26",4
10.8715953771,124.7140844073,0,"2017-05-13 05:42:21",4
10.8714154176,124.7141597606,0,"2017-05-13 02:47:36",4
10.7585468888,124.7870937176,0,"2017-05-21 04:18:28",4
10.7746472675,124.7638473473,0,"2017-06-08 04:03:02",5
10.8719038311,124.7138083912,0,"2017-05-14 02:25:28",5
10.6340026204,124.7769339290,0,"2017-06-05 05:02:57",5
10.6413757615,124.7786192782,0,"2017-06-10 07:23:31",5
10.7531419862,124.7843501531,0,"2017-05-21 06:22:05",4
10.7529592607,124.7841778211,0,"2017-06-12 02:56:55",4
10.7401823904,124.7909707669,0,"2017-05-25 06:56:41",4
10.8703387622,124.7150210012,0,"2017-06-10 02:20:57",4
10.8111807983,124.7645995393,0,"2017-05-28 04:21:41",4
10.8734486159,124.7121914383,0,"2017-05-19 02:37:21",5
10.8735776972,124.7111554351,0,"2017-05-19 05:23:41",4
10.8718879055,124.7137786355,0,"2017-05-14 03:04:37",4
10.7682070322,124.7846263368,0,"2017-05-22 01:26:42",4
10.8741486724,124.7104443982,0,"2017-06-11 04:57:01",4
10.6337374169,124.7768973839,0,"2017-06-04 07:46:46",4
10.8735147491,124.7119860817,0,"2017-05-18 07:08:10",4
10.8714916930,124.7141536418,0,"2017-05-13 04:38:06",4
10.6523651071,124.7836189996,0,"2017-05-27 06:28:13",4
10.6328681298,124.7769293189,0,"2017-06-02 05:28:39",4
10.7982385531,124.7689042334,0,"2017-05-07 03:31:53",4
10.8689142577,124.7164331004,0,"2017-05-29 03:17:02",4
10.6308434810,124.7764598485,0,"2017-06-03 01:24:22",5
10.8742569666,124.7105999663,0,"2017-05-16 03:45:51",4
10.8692901861,124.7162991576,0,"2017-05-30 02:00:27",5
10.8729884494,124.7116253246,0,"2017-05-15 02:23:28",4
10.7526696660,124.7841333970,0,"2017-06-12 02:54:55",4
10.9071599599,124.6321350429,0,"2017-05-24 02:10:30",5
10.8704697713,124.7149668541,0,"2017-05-30 07:31:01",4
10.6405844260,124.7812089510,0,"2017-06-15 04:41:04",4
10.7428846322,124.7872383054,0,"2017-05-25 03:45:18",5
10.7432893943,124.7868938930,0,"2017-05-25 04:01:04",5
10.6308716442,124.7764243092,0,"2017-06-03 01:51:00",4
10.8112040162,124.7645588033,0,"2017-05-28 04:40:56",4
10.6337297056,124.7769796103,0,"2017-06-04 07:55:28",5
10.7664878201,124.7756867856,0,"2017-05-19 08:26:26",4
10.8694388811,124.7162650432,0,"2017-05-30 02:39:41",5
10.8690197859,124.7165308334,0,"2017-05-29 04:30:32",4
10.7434986066,124.7866446991,0,"2017-05-25 04:42:49",5
10.8715687227,124.7141460143,0,"2017-05-13 06:16:20",5
10.6334928330,124.7765966412,0,"2017-05-08 03:20:46",4
10.7436958328,124.7865172941,0,"2017-05-06 01:19:13",4
10.8734698221,124.7117797192,0,"2017-05-18 07:19:25",4
10.8715512883,124.7140913643,0,"2017-05-13 06:56:35",5
10.7982589211,124.7688762378,0,"2017-05-07 03:34:53",4
10.8621944021,124.7180002648,0,"2017-05-16 04:12:06",4
10.8644675743,124.7177478019,0,"2017-05-15 01:20:34",5
10.7422048599,124.7859413736,0,"2017-05-27 00:15:43",4
10.6321792211,124.7765765246,0,"2017-06-03 02:45:22",5
10.8729830012,124.7116161045,0,"2017-05-15 03:02:43",4
10.7640075311,124.7851870861,0,"2017-06-12 00:48:21",5
10.8718806971,124.7137738578,0,"2017-05-14 03:10:08",4
10.8305480238,124.7384606581,0,"2017-05-30 07:57:12",5
10.7609580271,124.7683202662,0,"2017-05-26 22:56:01",4
10.8002049476,124.7679048590,0,"2017-05-23 05:17:02",5
10.8558869362,124.7261939943,0,"2017-05-11 01:57:37",4
10.8743603993,124.7106804326,0,"2017-05-16 02:12:28",5
10.7272078749,124.7933114134,0,"2017-05-25 00:50:04",5
10.8111666329,124.7645849548,0,"2017-05-28 04:16:11",4
10.7645172346,124.7854583245,0,"2017-05-21 03:00:07",4
10.7960885949,124.7689829394,0,"2017-05-07 04:11:43",4
10.8438314125,124.7328591160,0,"2017-05-13 02:01:36",4
10.6307798624,124.7764676437,0,"2017-06-03 01:07:45",4
10.7441281714,124.7866903804,0,"2017-05-21 07:27:56",5
10.8714196086,124.7139367182,0,"2017-06-11 02:18:31",5
10.8570982888,124.7232417203,0,"2017-05-13 02:11:06",4
10.7436710224,124.7865673341,0,"2017-05-06 01:45:43",4
10.7489905972,124.7833104618,0,"2017-05-07 01:02:56",4
10.8689051215,124.7164190188,0,"2017-05-29 04:59:47",4
10.8715649508,124.7141565755,0,"2017-05-13 06:40:51",4
10.8718893304,124.7137808986,0,"2017-05-14 03:43:37",4
10.6519404799,124.7834806982,0,"2017-06-09 02:32:45",4
10.6309019867,124.7764032707,0,"2017-06-03 02:23:52",5
10.8740599919,124.7106615733,0,"2017-06-11 05:27:01",5
10.8729835041,124.7116068006,0,"2017-05-15 03:02:28",4
10.8735486958,124.7120072879,0,"2017-05-18 06:48:10",4
10.7436913066,124.7865139414,0,"2017-05-06 01:33:28",4
10.8311962802,124.7354123276,0,"2017-05-16 04:30:36",4
10.8557386603,124.7261758056,0,"2017-05-29 01:53:02",4
10.8354049176,124.7473341599,0,"2017-05-28 02:28:19",5
10.6334921625,124.7766134888,0,"2017-05-08 03:34:31",4
10.8714828920,124.7142101359,0,"2017-05-13 03:30:05",5
10.8735973109,124.7115638014,0,"2017-05-18 07:44:40",4
10.8111049421,124.7646071669,0,"2017-06-08 03:05:47",5
10.8360063192,124.7469775099,0,"2017-05-28 01:39:56",4
10.8736229595,124.7111205664,0,"2017-05-19 04:13:11",4
10.6315147039,124.7768017463,0,"2017-06-01 05:35:19",5
10.6406529061,124.7811094578,0,"2017-06-15 04:07:19",4
10.7998142671,124.7682030872,0,"2017-05-23 04:54:33",4
10.7489370368,124.7847868502,0,"2017-05-17 09:03:51",4
10.7438210584,124.7865320463,0,"2017-05-12 01:29:47",4
10.8002927899,124.7679916117,0,"2017-05-23 05:10:32",5
10.7434944995,124.7865668312,0,"2017-06-08 00:32:02",5
10.8687632997,124.7167915106,0,"2017-05-29 04:05:17",4
10.7686491776,124.7837976180,0,"2017-05-22 05:33:42",4
10.8546262141,124.7277615778,0,"2017-05-29 06:03:07",5
10.6339851022,124.7767808754,0,"2017-06-05 04:29:27",5
10.8739679586,124.7107313108,0,"2017-05-15 05:09:04",5
10.6522732414,124.7836938500,0,"2017-05-27 05:40:38",5
10.7691510022,124.7834256291,0,"2017-05-07 05:55:33",4
10.8471491374,124.7329460364,0,"2017-05-11 01:29:07",4
10.8740723133,124.7108774073,0,"2017-05-20 03:47:54",4
10.6409159303,124.7817031480,0,"2017-06-15 05:23:04",4
10.8690121584,124.7165105492,0,"2017-05-29 04:35:31",4
10.6528890599,124.7836066782,0,"2017-05-27 02:31:23",5
10.6327991467,124.7769109625,0,"2017-06-02 04:40:39",5
10.8559125848,124.7263075691,0,"2017-05-11 02:36:07",4
10.7754406985,124.7695620451,0,"2017-05-28 00:09:11",4
10.6413905136,124.7780424356,0,"2017-06-06 03:53:40",4
10.6398136262,124.7741725948,0,"2017-05-08 03:06:46",4
10.8168570232,124.7423891723,0,"2017-06-11 07:12:01",5
10.8738493547,124.7107483260,0,"2017-05-15 04:52:13",4
10.7991722133,124.7685094457,0,"2017-05-23 03:10:05",5
10.6325544789,124.7769242059,0,"2017-06-02 04:09:24",4
10.8611024916,124.7215459775,0,"2017-05-09 06:14:48",4
10.7436833438,124.7865735367,0,"2017-05-06 02:01:28",4
10.7989560440,124.7686387785,0,"2017-05-23 02:35:35",5
10.8735183533,124.7119883448,0,"2017-05-18 07:00:09",4
10.7403406408,124.7911193781,0,"2017-05-21 23:40:12",4
10.7685325015,124.7840279527,0,"2017-05-22 03:20:43",5
10.7412501611,124.7889601160,0,"2017-05-25 06:02:19",5
10.7867541723,124.7751919180,0,"2017-05-07 04:17:58",4
10.8689937182,124.7164922766,0,"2017-05-29 04:46:37",5
10.7901841309,124.7730206698,0,"2017-05-07 04:15:43",4
10.6335151289,124.7765766084,0,"2017-05-08 04:29:46",4
10.7686392032,124.7840639949,0,"2017-05-07 04:43:20",4
10.8742391970,124.7105765808,0,"2017-05-16 03:41:06",4
10.6337404344,124.7769009881,0,"2017-06-04 07:47:46",4
10.8093910944,124.7652745340,0,"2017-06-08 02:34:42",4
10.7633633818,124.7852460109,0,"2017-05-21 03:15:22",4
10.8291272074,124.7393099125,0,"2017-05-30 07:57:57",5
10.6334601436,124.7766626906,0,"2017-05-08 03:48:01",4
10.7428616658,124.7873002477,0,"2017-05-25 05:29:22",4
10.8728663251,124.7124012373,0,"2017-05-18 01:47:19",4
10.6406468712,124.7813593224,0,"2017-06-15 05:15:19",4
10.7691998687,124.7834734898,0,"2017-05-07 05:29:48",4
10.6308431458,124.7764490359,0,"2017-06-03 01:24:30",4
10.8727540914,124.7118224669,0,"2017-05-20 06:15:54",4
10.8717004023,124.7139751073,0,"2017-06-11 03:24:15",5
10.6414771825,124.7782281786,0,"2017-06-06 04:21:11",4
10.7683433220,124.7841022164,0,"2017-05-22 02:16:57",4
10.8715005778,124.7141528036,0,"2017-05-13 02:30:50",5
10.8739327546,124.7107211687,0,"2017-05-20 02:24:15",5
10.7526756171,124.7841530945,0,"2017-06-12 02:53:40",4
10.7679238915,124.7709456459,0,"2017-05-16 05:04:51",4
10.8694596682,124.7162731737,0,"2017-05-30 02:51:01",4
10.6520140730,124.7828495409,0,"2017-06-09 01:28:34",5
10.8019197173,124.7438441031,0,"2017-06-10 04:04:31",5
10.7691447996,124.7835063469,0,"2017-05-07 05:34:18",4
10.8046302572,124.7486247215,0,"2017-05-20 08:12:15",5
10.7532703970,124.7844037134,0,"2017-06-12 02:30:36",5
10.6410975661,124.7785231378,0,"2017-06-10 06:15:12",4
10.6526622456,124.7840007953,0,"2017-05-27 03:25:13",4
10.8548724744,124.7194776591,0,"2017-05-20 07:40:30",5
10.7411650009,124.7889018618,0,"2017-06-03 06:31:51",5
10.8735225443,124.7109982744,0,"2017-05-19 05:52:41",4
10.7277166564,124.7934560012,0,"2017-05-25 01:08:04",5
10.8689888567,124.7164553124,0,"2017-05-30 01:17:16",4
10.7565011177,124.7858938482,0,"2017-05-21 04:59:13",4
10.7984637748,124.7685859725,0,"2017-05-23 01:17:04",4
10.8739073575,124.7105369344,0,"2017-05-19 06:19:06",5
10.8222897537,124.7426405456,0,"2017-05-13 08:18:50",5
10.7536061760,124.7846225649,0,"2017-05-21 06:09:50",4
10.8729950711,124.7116223909,0,"2017-05-15 03:13:28",4
10.8715753444,124.7141683940,0,"2017-05-13 06:25:06",4
10.7428403758,124.7872178536,0,"2017-05-25 03:52:22",4
10.7430234365,124.7853782773,0,"2017-06-05 01:06:23",5
10.8730456140,124.7122301627,0,"2017-05-18 03:10:49",4
10.8740641829,124.7106916644,0,"2017-06-11 05:35:16",4
10.7691836078,124.7835431434,0,"2017-05-07 05:43:18",4
10.6406959053,124.7811625153,0,"2017-06-15 04:57:04",4
10.6338061485,124.7769901715,0,"2017-06-05 02:23:06",4
10.8736065309,124.7111415211,0,"2017-05-19 04:07:05",5
10.6519688945,124.7832850646,0,"2017-06-09 02:54:49",5
10.8280771226,124.7373210546,0,"2017-05-16 04:32:28",5
10.6332777534,124.7765650414,0,"2017-06-04 03:54:58",5
10.8001240622,124.7677758615,0,"2017-05-23 05:21:18",4
10.6416152325,124.7784155980,0,"2017-06-10 07:30:12",4
10.6415460818,124.7779689264,0,"2017-06-06 02:57:11",4
10.8716382086,124.7141511273,0,"2017-05-13 05:07:50",5
